questionId,cardId,category,question,answer,explanation,sourceTitle,sourcePublisher,sourceUrl,verifiedAt,verificationLevel,reviewStatus,reviewNote
q_geo_001,card_geo_001,nature_geography,世界でいちばん深い湖は？,バイカル湖,"バイカル湖の最大深度は約1,642m。湖の中でいちばん深い湖として知られているよ。",Wikipedia: Lake Baikal,,,,unverified,pending,LEGACY_SOURCE_NOTE_ONLY
q_geo_002,card_geo_002,nature_geography,日本でいちばん面積が大きい都道府県は？,北海道,北海道の面積は約8万3千km²。日本の都道府県で断トツの広さだよ。,国土地理院,,,,unverified,pending,LEGACY_SOURCE_NOTE_ONLY
q_bio_001,card_bio_001,living_things,カンガルーの赤ちゃんは何と呼ばれている？,ジョーイ,カンガルーの赤ちゃんは「ジョーイ」と呼ばれているよ。生まれた時はわずか2cmほどなんだ。,Australian Museum,,,,unverified,pending,LEGACY_SOURCE_NOTE_ONLY
q_bio_002,card_bio_002,living_things,シロナガスクジラの心臓の重さは約どれくらい？,約180kg,シロナガスクジラの心臓は約180kgもある。小型車1台分くらいの重さなんだ。,National Geographic,,,,unverified,pending,LEGACY_SOURCE_NOTE_ONLY
q_his_001,card_his_001,history,江戸時代、庶民の間で流行った「世界一短い手紙」と呼ばれるものは？,五七五,俳句は「五・七・五」の17音で詠む世界一短い詩の形式。江戸時代に庶民文化として大きく広がったんだ。,文化庁 日本文化紹介,,,,unverified,pending,LEGACY_SOURCE_NOTE_ONLY
q_his_002,card_his_002,history,奈良の大仏を作るのに使われた主な材料は？,銅,奈良の大仏（東大寺盧舎那仏像）は主に銅で作られている。約500トンの銅が使われたと言われているよ。,東大寺公式サイト,,,,unverified,pending,LEGACY_SOURCE_NOTE_ONLY
q_sci_001,card_sci_001,science,空気の中でいちばん多い成分は？,窒素,空気の約78%は窒素。酸素は約21%で2番目。二酸化炭素は約0.04%しかないんだ。,気象庁 大気成分,,,,unverified,pending,LEGACY_SOURCE_NOTE_ONLY
q_sci_002,card_sci_002,science,光の速さは1秒間に地球を何周できる？,約7.5周,光は1秒間に約30万km進む。地球1周は約4万kmだから、1秒で約7.5周できる計算になるよ。,国立天文台,,,,unverified,pending,LEGACY_SOURCE_NOTE_ONLY
q_food_001,card_food_001,food,日本でいちばん古い調味料と言われているのは？,塩,塩は日本で最も古くから使われている調味料。縄文時代には海水から作っていたことがわかっているよ。,国立歴史民俗博物館,,,,unverified,pending,LEGACY_SOURCE_NOTE_ONLY
q_food_002,card_food_002,food,リンゴの生産量が世界一の国は？,中国,世界のリンゴ生産量の約半分は中国。日本で食べられているリンゴの多くも中国産なんだ。,FAO統計,,,,unverified,pending,LEGACY_SOURCE_NOTE_ONLY
q_lang_001,card_lang_001,language,「ありがとう」の語源として有力な説は？,「有り難し」が変化した,「ありがとう」は「有り難し（存在することが難しい→めったにない→貴重だ）」という意味の古語が変化したものと言われているよ。,日本国語大辞典,,,,unverified,pending,LEGACY_SOURCE_NOTE_ONLY
q_lang_002,card_lang_002,language,「ほんのわずかな時間」を表す「瞬き」にまつわる言葉は？,一瞬,「一瞬」は「瞬き（まばたき）する間」という意味。サンスクリット語の「ksana（刹那）」の訳語として作られた漢語だよ。,岩波 仏教辞典,,,,unverified,pending,LEGACY_SOURCE_NOTE_ONLY
q_life_001,card_life_001,daily_life,マンホールのふたが丸い理由として正しいのは？,落ちないから,丸いふたは斜めにしても穴に落ちないから。四角いふただと対角線が辺より長いため、落ちる可能性があるんだ。,日本下水道協会,,,,unverified,pending,LEGACY_SOURCE_NOTE_ONLY
q_life_002,card_life_002,daily_life,信号機の色が赤・黄・青の3色なのはなぜ？,光の波長で最も遠くまで届く色だから,赤は波長が長く遠くまで届くため「止まれ」に使われる。青（実際は緑）はその中間。黄色は注意を促す色として選ばれたんだ。,警察庁 交通規制,,,,unverified,pending,LEGACY_SOURCE_NOTE_ONLY
q_geo_003,card_geo_003,nature_geography,世界でいちばん標高が高い山は？,エベレスト,"エベレストの標高は8,848m。世界で最も高い山で、ネパールと中国の国境にあるよ。",USGS,,,,unverified,pending,LEGACY_SOURCE_NOTE_ONLY
q_bio_003,card_bio_003,living_things,タコの心臓はいくつある？,3つ,タコには心臓が3つある。全身に血液を送る心臓が1つと、エラに血液を送る心臓が2つ。不思議な体の仕組みだね。,National Geographic,,,,unverified,pending,LEGACY_SOURCE_NOTE_ONLY
q_his_003,card_his_003,history,日本の紙幣に初めて肖像画が使われたのはいつ？,明治時代,日本で初めて肖像画入りの紙幣は1885年（明治18年）発行の日本銀行券。神功皇后の肖像が使われていたんだ。,日本銀行 貨幣博物館,,,,unverified,pending,LEGACY_SOURCE_NOTE_ONLY
q_sci_003,card_sci_003,science,絶対零度は何℃？,-273℃,絶対零度は-273.15℃。これより低い温度は理論上存在しないとされているんだ。,国立科学博物館,,,,unverified,pending,LEGACY_SOURCE_NOTE_ONLY
q_food_003,card_food_003,food,ワサビの本来の原材料は何の植物？,山葵,本わさびは「山葵」という植物の根茎をすりおろしたもの。スーパーで売っているチューブわさびの多くは「西洋わさび」が主原料なんだ。,農林水産省,,,,unverified,pending,LEGACY_SOURCE_NOTE_ONLY
q_lang_003,card_lang_003,language,「サンドイッチ」の名前の由来は？,考案した伯爵の名前,サンドイッチは18世紀のイギリス、第4代サンドイッチ伯爵ジョン・モンタギューが、食事の手を止めずにトランプを続けられるよう頼んだのが始まりと言われているよ。,オックスフォード英語辞典,,,,unverified,pending,LEGACY_SOURCE_NOTE_ONLY
q_life_003,card_life_003,daily_life,消しゴムで鉛筆の字が消えるのはなぜ？,摩擦で紙の表面が削れるから,消しゴムでこすると、紙の表面ごと鉛筆の黒鉛を削り取っているんだ。消しゴムのかすは削り取られた紙と黒鉛のカスなんだよ。,文具の企画・開発メモ,,,,unverified,pending,LEGACY_SOURCE_NOTE_ONLY
q_geo_004,card_geo_004,nature_geography,地球上でいちばん乾燥した場所は？,アタカマ砂漠,チリのアタカマ砂漠は、過去400年以上雨が降っていない記録がある地域もある、世界で最も乾燥した場所なんだ。,NASA Earth Observatory,,,,unverified,pending,LEGACY_SOURCE_NOTE_ONLY
q_bio_004,card_bio_004,living_things,人間の骨の数は大人で約何本？,約206本,大人の人間の骨は約206本。赤ちゃんの時はもっと多くて約350本あるんだけど、成長するにつれて骨がくっついて減っていくんだ。,医学書,,,,unverified,pending,LEGACY_SOURCE_NOTE_ONLY
q_his_004,card_his_004,history,国宝に指定されている日本の城（現存天守）はいくつ？,5つ,姫路城、松本城、犬山城、彦根城、松江城の5つが国宝に指定されている現存天守だ。いずれも江戸時代以前から残る貴重な建造物なんだ。,文化庁 国宝・重要文化財,,,,unverified,pending,LEGACY_SOURCE_NOTE_ONLY
q_sci_004,card_sci_004,science,地球の表面の約何%が海で覆われている？,約70%,地球表面の約70%は海。地球は「水の惑星」と呼ばれることもあるんだ。,NASA,,,,unverified,pending,LEGACY_SOURCE_NOTE_ONLY
q_food_004,card_food_004,food,カレーライスが日本で初めて紹介されたのは何時代？,明治時代,日本にカレーが伝わったのは明治時代。イギリス経由で伝わり、当時の「西洋料理」の一つとして広まっていったんだ。,カレー博物館,,,,unverified,pending,LEGACY_SOURCE_NOTE_ONLY
q_lang_004,card_lang_004,language,日本語で「ら行」から始まる言葉が少ない理由として考えられるのは？,古語に「ら行」がなかったから,日本語では昔、「ら行」で始まる言葉（語頭にラ行が来る言葉）は非常に少なかった。これは上古日本語に語頭の「r」音を避ける傾向があったからだと言われているよ。,日本語学研究,,,,unverified,pending,LEGACY_SOURCE_NOTE_ONLY
q_life_004,card_life_004,daily_life,「エレベーターの開閉ボタン」実はあまり効果がないと言われる理由は？,安全のため自動ドアが優先されるから,多くのエレベーターでは、安全基準により自動ドアの開閉タイミングが優先される。閉ボタンを押しても数秒間は反応しないよう設計されていることが多いんだ。,日本エレベーター協会,,,,unverified,pending,LEGACY_SOURCE_NOTE_ONLY
q_geo_005,card_geo_005,nature_geography,日本でいちばん長い川は？,信濃川,日本最長の川は信濃川。長さは約367kmで、新潟県から長野県を流れているよ。,日本の川 - 北陸 - 信濃川,国土交通省 水管理・国土保全局,https://www.mlit.go.jp/river/toukei_chousa/kasen/jiten/nihon_kawa/0405_shinano/0405_shinano_00.html,2026-07-12,primary,approved,
q_bio_005,card_bio_005,living_things,パンダの食べるもののほとんどは？,竹,ジャイアントパンダの食事の99%は竹。1日に12〜38kgもの竹を食べるんだ。,WWF,,,,unverified,pending,LEGACY_SOURCE_NOTE_ONLY
q_nature_geography_001,card_nature_geography_001,nature_geography,日本で最も高い山、富士山がまたがっている2つの県はどこでしょうか？,静岡県と山梨県,富士山は静岡県と山梨県にまたがる独立峰です。実は山頂の大部分は私有地であり、境界線が明確に引かれていない場所も存在します。,静岡県および山梨県公式ホームページ,,,,unverified,pending,LEGACY_SOURCE_NOTE_ONLY
q_living_things_001,card_living_things_001,living_things,ラッコが流されないように、寝るときに体に巻き付けるものは何でしょうか？,海藻,野生のラッコは、睡眠中に海流で沖へ流されないように、コンブなどの長い海藻を体にぐるぐると巻き付けて固定する習性があります。,サンシャイン水族館 飼育コラム,,,,unverified,pending,LEGACY_SOURCE_NOTE_ONLY
q_history_001,card_history_001,history,1889年の完成当時、エッフェル塔は何のイベントのために建設されたでしょうか？,パリ万国博覧会,エッフェル塔は、フランス革命100周年を記念して開催された1889年の第4回パリ万国博覧会の入場門として建設されました。,エッフェル塔公式サイト 歴史解説,,,,unverified,pending,LEGACY_SOURCE_NOTE_ONLY
q_science_001,card_science_001,science,宝石のダイヤモンドと同じ炭素のみでできている、身近な筆記用具の材料は何？,黒鉛（グラファイト）,ダイヤモンドと鉛筆の芯の原料である黒鉛は、どちらも炭素原子からなる同素体です。原子の結びつき方が違うだけで成分は同じです。,日本化学会 化学百科,,,,unverified,pending,LEGACY_SOURCE_NOTE_ONLY
q_food_005,card_food_005,food,イチゴの表面にあるツブツブ。植物学的な分類では、このツブツブは何？,果実,イチゴの表面にある粒は一つ一つが「果実」です。赤い部分は「花托」という茎の先端が膨らんだもので、正確には果実ではありません。,農林水産省 植物の雑学,,,,unverified,pending,LEGACY_SOURCE_NOTE_ONLY
q_language_001,card_language_001,language,仕事をわざと怠る「サボタージュ」の語源となった、フランスの履物は何？,木靴,フランス語の「サボ（木靴）」が語源です。労働者がストライキの際、機械に木靴を投げ込んで壊したことが始まりと言われています。,語源由来辞典 サボる,,,,unverified,pending,LEGACY_SOURCE_NOTE_ONLY
q_daily_life_001,card_daily_life_001,daily_life,犯罪の抑止や心の落ち着きを目的として、駅や街頭で導入される照明の色は何色？,青色,青色光には人間の副交感神経を刺激してリラックスさせる効果があると考えられ、防犯対策や駅のホームでの事故防止に採用されています。,警察庁 防犯環境設計指針,,,,unverified,pending,LEGACY_SOURCE_NOTE_ONLY
q_nature_geography_002,card_nature_geography_002,nature_geography,死海は塩分濃度が高いため体が浮くことで有名ですが、主にどこの国にまたがって存在している？,ヨルダンとイスラエル,死海はヨルダンとイスラエルの境界にある塩湖です。海水の約10倍近い塩分濃度があり、浮力が非常に大きいため人間が沈まずに浮くことができます。湖面の標高は海抜マイナス430メートルで、地表で最も低い場所としても知られています。,イスラエル政府観光局 公式サイト,,,,unverified,pending,LEGACY_SOURCE_NOTE_ONLY
q_living_things_002,card_living_things_002,living_things,野生のキリンの1日の平均睡眠時間は、だいたいどれくらいの長さだと言われているでしょうか？,約20分,野生のキリンは肉食獣などの天敵から身を守るため、非常に短い睡眠をとります。1回数分程度の「うたた寝」を細切れに繰り返し、1日の合計睡眠時間はわずか20分程度と言われています。動物界でも屈指の短眠家として有名です。,ナショナルジオグラフィック 日本版,,,,unverified,pending,LEGACY_SOURCE_NOTE_ONLY
q_history_002,card_history_002,history,ハワイの挨拶「アロハ」の中に含まれている、ハワイ語で「息」を意味する単語はどれでしょう？,Ha（ハ）,「アロハ（Aloha）」の「Alo」は「〜の前に」を、「Ha」は「神聖な息吹（命）」を意味します。かつてハワイでは、お互いの鼻を近づけて息を交換する挨拶が行われており、相手の存在を尊ぶ精神がこの言葉に込められています。,ハワイ州観光局公式ポータルサイト,,,,unverified,pending,LEGACY_SOURCE_NOTE_ONLY
q_science_002,card_science_002,science,昼の空が青く見えるのは太陽光が空気中の粒子に当たり散乱するためですが、この現象の名前は何？,レイリー散乱,太陽光が大気を通過する際、波長の短い青い光は窒素や酸素の分子にぶつかって四方に散乱しやすい性質を持っています。この現象を「レイリー散乱」と呼びます。散乱した青い光が私たちの目に届くため、空は青く見えています。,気象庁 はれるんライブラリー,,,,unverified,pending,LEGACY_SOURCE_NOTE_ONLY
q_food_006,card_food_006,food,軽食の定番「サンドイッチ」の名前の由来となった、18世紀のイギリスの人物が持つ爵位は何？,伯爵,第4代サンドイッチ伯爵ジョン・モンタギューが名前の由来です。トランプのカード遊びに熱中していた彼が、食事中もゲームを続けられるように、パンに具材を挟んだものを作らせて食べたというエピソードが有名ですが、諸説あります。,英国政府観光庁（VisitBritain）,,,,unverified,pending,LEGACY_SOURCE_NOTE_ONLY
q_language_002,card_language_002,language,慣用句「二足のわらじを履く」の由来となった、江戸時代の相反する職業の組み合わせはどれ？,博徒と捕吏,江戸時代、ギャンブルを商売にする「博徒」が、一方でそれを取り締まる警察役の「捕吏（おかっぴき）」を兼ねることを指しました。同じ人間が相反する二つの立場を使い分けることから、現代の「副業」のような意味で使われるようになりました。,小学館 精選版 日本国語大辞典,,,,unverified,pending,LEGACY_SOURCE_NOTE_ONLY
q_daily_life_002,card_daily_life_002,daily_life,ボールペンのキャップの先端に小さな穴が開いていることがありますが、これにはどんな理由がある？,窒息事故を防ぐため,子供が誤ってキャップを飲み込んでしまい、喉に詰まった際でも、穴が開いていれば最低限の空気の通り道を確保でき、窒息死を防ぐことができます。これは国際規格（ISO）でも推奨されている安全のための重要なデザインです。,一般社団法人 日本筆記具工業会,,,,unverified,pending,LEGACY_SOURCE_NOTE_ONLY
q_nature_geography_006,card_nature_geography_006,nature_geography,日本で一番面積が小さい都道府県はどこ？,香川県,日本の都道府県で最も面積が小さいのは香川県です。かつては大阪府が最下位でしたが、関西国際空港の開拓などにより面積が増加したため、1988年以降は香川県が日本で一番小さな都道府県となっています。,国土地理院「全国都道府県市区町村別面積調」,,,,unverified,pending,LEGACY_SOURCE_NOTE_ONLY
q_living_things_006,card_living_things_006,living_things,タコには心臓がいくつある？,3つ,タコには3つの心臓があります。全身に血液を巡らせる主心臓が1つと、左右のエラにそれぞれ血液を送り込むための補助的な心臓（エラ心臓）が2つあります。これにより、酸素を効率よく全身に運ぶことができます。,生物学事典「軟体動物の循環系」,,,,unverified,pending,LEGACY_SOURCE_NOTE_ONLY
q_history_005,card_history_005,history,18世紀のフランスでジャガイモを普及させた方法は？,あえて畑を厳重に警備した,農学者パルマンティエは、当時不人気だったジャガイモの畑をあえて兵士に厳重に警備させ、「価値がある高級品」と思わせる心理作戦をとりました。夜間に警備を緩めると、狙い通り近隣の農民たちが種芋を盗み、フランス全土へ普及しました。,歴史書「世界の食文化史・フランス」,,,,unverified,pending,LEGACY_SOURCE_NOTE_ONLY
q_science_005,card_science_005,science,シャボンの泡が丸くなる理由に関係する物理現象は？,表面張力,シャボン玉が丸くなるのは「表面張力」が働くためです。液体の表面はできるだけ面積を小さくしようと収縮します。体積が同じ場合、球体が最も表面積が小さくなるため、空気を含んだシャボン膜は自然と綺麗な丸い形になります。,物理学基礎「界面動態と表面張力」,,,,unverified,pending,LEGACY_SOURCE_NOTE_ONLY
q_food_007,card_food_007,food,高級食材の「キャビア」は、何という魚の卵？,チョウザメ,キャビアは「チョウザメ」の卵の塩漬けです。チョウザメはその名に「サメ」と付きますが、一般的なサメの仲間（軟骨魚類）ではなく、シーラカンスなどと同じ古代魚の生き残り（硬骨魚類）に分類されます。,水産庁「世界の水産資源解説」,,,,unverified,pending,LEGACY_SOURCE_NOTE_ONLY
q_language_005,card_language_005,language,慣用句「大詰（おおづめ）」の語源となったジャンルは？,歌舞伎などの演劇,物事の最終局面を意味する「大詰」は、歌舞伎の専門用語が語源です。江戸時代の歌舞伎の多幕物において、一番最後の幕のことを「大詰」と呼んでおり、そこからストーリーの最終的な大結末を指す言葉として一般に広がりました。,日本国語大辞典「大詰の項」,,,,unverified,pending,LEGACY_SOURCE_NOTE_ONLY
q_daily_life_005,card_daily_life_005,daily_life,缶詰の「賞味期限」の印字に主に使われているインクは？,イカ墨インク,多くの缶詰やペットボトルの賞味期限印字には、天然の「イカ墨」を原料としたインクが使われています。万が一、製造ラインや開封時に口に入っても安全性が高く、金属やプラスチックへの定着性が良いという優れた特性を持っています。,日本缶詰びん詰レトルト食品協会資料,,,,unverified,pending,LEGACY_SOURCE_NOTE_ONLY
q_nature_geography_007,card_nature_geography_007,nature_geography,世界で一番多くの国と国境を接している国はどこ？,中国,世界で最も多くの国と陸上で国境を接しているのは「中国」です。ロシア、モンゴル、北朝鮮、インド、ベトナムなど、合計14カ国と国境を接しています。なお、ロシアも同じく14カ国と接しており、両国が世界最多タイです。,国連データ「世界の国境線長と隣接国」,,,,unverified,pending,LEGACY_SOURCE_NOTE_ONLY
q_living_things_007,card_living_things_007,living_things,ペンギンが冷たい氷の上でも足が凍らない理由は？,特殊な血管の熱交換システム,ペンギンの足には「ワンダーネット（奇驚網）」という特殊な熱交換血管システムがあります。心臓からの温かい動脈血が、足先からの冷たい静脈血をあらかじめ温めることで、足の冷たさが体幹に伝わるのを防ぎ、同時に足先が凍結するのを防いでいます。,動物生理学「鳥類の体温調節機構」,,,,unverified,pending,LEGACY_SOURCE_NOTE_ONLY
q_history_006,card_history_006,history,江戸時代に実在した、1年の長さを決める暦の役職は？,天文方（てんもんかた）,江戸幕府が設置した、天体観測や暦の作成（改暦）を行う専門の役職を「天文方」と呼びます。初代天文方には映画の題材にもなった渋川春海が任命され、それまで使われていた中国の暦から、日本独自の「貞享暦」を完成させました。,日本史辞典「江戸幕府の職制」,,,,unverified,pending,LEGACY_SOURCE_NOTE_ONLY
q_nature_geography_008,card_nature_geography_008,nature_geography,地図で使う日本の標高0メートルの基準はどこ？,東京湾の平均海面,日本の標高は、測量法上、東京湾の平均海面を0mとする。実際の測量では東京・三宅坂の日本水準原点も高さの基準として使われる。,日本水準原点,国土地理院,https://www.gsi.go.jp/sokuchikijun/suijun-genten.html,2026-07-12,primary,approved,
q_nature_geography_009,card_nature_geography_009,nature_geography,夏に午後から夕方へ雷が増えやすい主因は？,強い日射で上昇気流が起きる,夏の雷は、強い日射で暖められた地面近くの空気が上昇し、背の高い積乱雲になることで発生しやすい。,気象庁・雷検知数の季節解説,,,,unverified,pending,LEGACY_SOURCE_NOTE_ONLY
q_living_things_008,card_living_things_008,living_things,海のタコの心臓は、一般にいくつある？,3つ,タコなど頭足類には心臓が3つある。2つはえらへ血液を送り、残る1つが酸素を受け取った血液を全身へ送る。,スミソニアン海洋・頭足類解説,,,,unverified,pending,LEGACY_SOURCE_NOTE_ONLY
q_living_things_009,card_living_things_009,living_things,タコの血が青く見える主な理由は何？,銅を含むヘモシアニンで酸素を運ぶ,タコの血は鉄を含むヘモグロビンではなく、銅を含むヘモシアニンで酸素を運ぶため、青く見える。,英国自然史博物館・タコの血解説,,,,unverified,pending,LEGACY_SOURCE_NOTE_ONLY
q_history_007,card_history_007,history,日本にかつてあった西部標準時の地域は？,台湾と八重山・宮古地方,日本では1896年から1937年まで、西部標準時が置かれた時期があった。対象は台湾のほか、沖縄県の八重山・宮古地方だった。,国立公文書館・標準時の歴史資料,,,,unverified,pending,LEGACY_SOURCE_NOTE_ONLY
q_science_006,card_science_006,science,雷そのものの正体として最も近いものは？,大気中で起きる放電現象,気象庁は、雷を大気中で電荷分離が起こり放電する現象と説明している。音が雷鳴、光が電光である。,雷とは？,気象庁,https://www.jma.go.jp/jma/kishou/know/toppuu/thunder1-0.html,2026-07-12,primary,approved,
q_food_008,card_food_008,food,昆布とかつお節を合わせると何が起きる？,うま味の相乗効果が起きる,昆布のグルタミン酸と、かつお節のイノシン酸を組み合わせると、うま味の相乗効果が起きる。,農林水産省・だしうま味解説,,,,unverified,pending,LEGACY_SOURCE_NOTE_ONLY
q_food_009,card_food_009,food,タマネギを切ると涙が出る主な原因は？,硫黄を含む催涙性物質ができる,タマネギの細胞が切られると、酵素反応で硫黄を含む催涙性物質ができ、目を刺激して涙が出る。,Poison Control・タマネギ解説,,,,unverified,pending,LEGACY_SOURCE_NOTE_ONLY
q_language_006,card_language_006,language,『カステラ』の名の有力な由来はどれ？,スペインのカスティーリャ地名,カステラの名は、スペインのカスティーリャ地方名に由来するという説が有力。ポルトガル経由で長崎に伝わった。,国立国会図書館レファレンス事例,,,,unverified,pending,LEGACY_SOURCE_NOTE_ONLY
q_daily_life_006,card_daily_life_006,daily_life,PETボトル識別マークの『1』の由来は？,米国のSPIコード,PETボトルの識別表示にある「1」は、米国プラスチック産業協会のSPIコードに由来する。分別ではこのマーク確認が確実とされる。,環境省・環境ラベルデータベース,,,,unverified,pending,LEGACY_SOURCE_NOTE_ONLY
q_nature_geography_010,card_nature_geography_010,nature_geography,世界で最も長い川「アマゾン川」に一つもない建造物は？,橋,流域面積世界一、長さも世界トップクラスのアマゾン川の本流には、一般の乗り物が渡れる「橋」が一つもありません。周辺が深いジャングルで道路網が発達していないことや、雨季に川幅が数十キロメートルにも広がることが理由です。移動は主に船が使われます。,地理学講義「世界の河川とインフラ」,,,,unverified,pending,LEGACY_SOURCE_NOTE_ONLY
q_living_things_010,card_living_things_010,living_things,カタツムリの歯の数は、およそいくつある？,約2万本,カタツムリには「歯舌（しぜつ）」と呼ばれるおろし金のような器官があり、そこには約1万〜2万本以上の小さな歯が並んでいます。このおろし状の歯を使って、コンクリートや植物の葉を削り取るようにして食べています。歯の数では地球上で最も多い生き物の一種です。,軟体動物生態誌「歯舌の構造と進化」,,,,unverified,pending,LEGACY_SOURCE_NOTE_ONLY
q_history_008,card_history_008,history,中世ヨーロッパの「騎士」の鎧の重さは平均どれくらい？,約25kg,中世の戦場で使われたフルプレートアーマー（全身板金鎧）の重さは、平均して約20〜30キログラム（現代の兵士の装備や消防士の防護服と同等）です。重量が全身に分散するように設計されていたため、騎士は鎧を着たままでも走ったり馬に乗ったりできました。,軍事史博物館「西洋甲冑の歴史と構造」,,,,unverified,pending,LEGACY_SOURCE_NOTE_ONLY
q_science_007,card_science_007,science,ダイヤモンドを燃やすと、最終的に何に変わる？,煙（二酸化炭素）,ダイヤモンドは純粋な「炭素」の結晶であるため、酸素が十分にある環境で約800℃以上に加熱して燃やすと、すべて酸素と結びついて「二酸化炭素（気体）」になり、灰すら残さず完全に消えてなくなります。,基礎化学「炭素同素体の燃焼実験」,,,,unverified,pending,LEGACY_SOURCE_NOTE_ONLY
q_food_010,card_food_010,food,カニのすり身で作る「カニカマ」を世界で初めて開発した国は？,日本,カニカマ（風味かまぼこ）は、1970年代に日本の食品メーカー（石川県の「スギヨ」や広島県の「大崎水産」など）が開発した日本発祥の食材です。現在では「Surimi」として世界中で愛される大ヒット食品となっています。,日本水産加工業協同組合連合会史,,,,unverified,pending,LEGACY_SOURCE_NOTE_ONLY
q_language_007,card_language_007,language,「うだつが上がらない」の「うだつ（卯建）」の正体は？,町家の屋根にある防火壁,「うだつ」とは、日本のおもに町家で隣家との境に設置された「防火壁（小さな屋根付きの壁）」のことです。これを作るには多額の費用がかかったため、うだつがある家は出世した裕福な家とされ、そこから「地位が上がらない、冴えない」状態を指す慣用句になりました。,建築意匠辞典「うだつ・町家の装飾」,,,,unverified,pending,LEGACY_SOURCE_NOTE_ONLY
q_daily_life_007,card_daily_life_007,daily_life,トランプのカードが「52枚」ある理由に関係するものは？,1年の週の数,トランプのジョーカーを除く52枚という数は、1年の「52週」を表しています。また、1つのマーク（13枚）は四季の各季節の週数を表し、カードの数字をすべて足してジョーカー（1）を加えると「365（1年の日数）」になるなど、暦と深い関係があります。,世界の室内ゲーム史「プレイングカードの暦」,,,,unverified,pending,LEGACY_SOURCE_NOTE_ONLY
q_nature_geography_011,card_nature_geography_011,nature_geography,オーストラリアの首都はどこ？,キャンベラ,オーストラリアの首都は「キャンベラ」です。2大都市であるシドニーとメルボルンが首都の座を巡って激しく争ったため、1908年に両都市のほぼ中間地点に位置するキャンベラを新首都として建設し、妥協案として決定した歴史があります。,オーストラリア政府公式ウェブサイト,,,,unverified,pending,LEGACY_SOURCE_NOTE_ONLY
q_living_things_011,card_living_things_011,living_things,イヌの肉球にしかない、体の中で唯一の機能は？,汗をかく汗腺,イヌやネコは全身に汗腺を持たず、基本的にハアハアという呼吸（パンティング）で体温調節をしますが、唯一「肉球」の間にだけ、汗をかく「エクリン汗腺」があります。ここから汗をかくことで、滑り止めや足裏の乾燥を防ぐ役割を果たしています。,獣医解剖学「伴侶動物の皮膚生理」,,,,unverified,pending,LEGACY_SOURCE_NOTE_ONLY
q_language_008,card_language_008,language,「サラダ記念日」で有名な歌人、俵万智が実際に食べた料理は？,鶏の唐揚げ,「この味がいいねと君が言ったから七月六日はサラダ記念日」の短歌で知られる料理のモデルは、実はサラダではなく「鶏の唐揚げ」でした。調理した唐揚げを当時の恋人に褒められた際、「唐揚げ記念日」では短歌の言葉の響きが良くないため「サラダ」に変更されました。,俵万智エッセイ集「サラダのそのあと」,,,,unverified,pending,LEGACY_SOURCE_NOTE_ONLY
q_nature_geography_012,card_nature_geography_012,nature_geography,アフリカ大陸の最高峰「キリマンジャロ」の山頂にある珍しい自然現象は？,熱帯地方の氷河,"赤道に近いタンザニアに位置するキリマンジャロ（標高5,895メートル）ですが、その山頂付近には「氷河（万年雪）」が存在します。熱帯地域にありながら山頂が常に白く輝く神秘的な光景として知られますが、近年は地球温暖化などの影響で急速に縮小しています。",国連環境計画（UNEP）気候変動報告書,,,,unverified,pending,LEGACY_SOURCE_NOTE_ONLY
q_living_things_012,card_living_things_012,living_things,ウサギが自分の「うんち」を食べる理由は？,栄養をもう一度吸収するため,ウサギは一度の消化では植物の栄養を十分に吸収できないため、「盲腸糞（もうちょうふん）」と呼ばれる、ビタミンやタンパク質が豊富に含まれた柔らかい糞を出します。これを直接口をつけて再び食べる（食糞）ことで、大切な栄養を効率よく体に摂取しています。,小動物臨床医学「草食哺乳類の消化生理」,,,,unverified,pending,LEGACY_SOURCE_NOTE_ONLY
q_history_009,card_history_009,history,17世紀のオランダで、家が1軒買えるほどのバブルを起こした植物は？,チューリップ,1630年代のオランダで起きた世界最古の経済バブルが「チューリップ・バブル」です。珍しい斑点模様の球根に異常な高値がつき、たった1個の球根と引き換えに、高級住宅1軒や職人の年収の数倍の資産が取引されるという狂乱事態にまで発展しました。,経済史「世界の大バブルと恐慌」,,,,unverified,pending,LEGACY_SOURCE_NOTE_ONLY
q_science_008,card_science_008,science,1円玉の製造コスト（1枚あたり）は、およそいくら？,約3円,1円玉の材料であるアルミニウムの地金価格や人件費、製造工程のコストを合わせると、1枚作るのに「約2円〜3円」かかるとされています。そのため、作れば作るほど政府としては赤字になりますが、通貨の流通維持のために造幣局で製造されています。,造幣局「貨幣製造コスト推計資料」,,,,unverified,pending,LEGACY_SOURCE_NOTE_ONLY
q_food_011,card_food_011,food,イチゴの表面にあるツブツブの、植物学上の正体は？,イチゴの果実,イチゴの表面にある小さなツブツブは、種ではなく1つひとつが独立した「果実（痩果）」です。それぞれのツブの中に本当の種が入っています。私たちが普段食べている赤い甘い部分は、果実ではなく、茎の先端が膨らんだ「花托（かたく）」という部分です。,植物分類学「偽果と真果の構造」,,,,unverified,pending,LEGACY_SOURCE_NOTE_ONLY
q_language_009,card_language_009,language,「サボる」という言葉の語源となったフランス語は？,サボタージュ,「サボる」は、フランス語で労働争議の手段（怠業）を意味する「sabotage（サボタージュ）」に、日本語の動詞化の接尾辞「る」を組み合わせた言葉です。大正時代に労働者が仕事の手を抜く運動を起こしたことから、若者や一般の間で流行語として定着しました。,新明解国語辞典「サボるの項」,,,,unverified,pending,LEGACY_SOURCE_NOTE_ONLY
q_daily_life_008,card_daily_life_008,daily_life,非常口のサインの人が「緑色」で描かれている理由は？,火災の赤い炎の中で最も目立つから,非常口のマークが緑色なのは、火災の際に燃え盛る「赤い炎」の中で、赤の補色（反対色）である「緑色」が最も人間の目に際立って見え、視認性が高いからです。この視覚効果を利用した日本のデザインは、現在国際標準（ISO）としても採用されています。,消防庁「避難誘導表示の基準」,,,,unverified,pending,LEGACY_SOURCE_NOTE_ONLY
q_nature_geography_013,card_nature_geography_013,nature_geography,日本に約400ある有人離島の中で、最も人口が多い島はどこ？,淡路島（兵庫県）,沖縄本島などを除く、日本のいわゆる「離島（本土5島以外の有人島）」の中で最も人口が多いのは「淡路島」です。約12万人の人口を擁し、神戸や徳島と大きな橋で結ばれているため交通の便も良く、独自の産業や観光地として大きく栄えています。,総務省「国勢調査・離島振興解説」,,,,unverified,pending,LEGACY_SOURCE_NOTE_ONLY
q_living_things_013,card_living_things_013,living_things,鳥類の中で唯一、前だけでなく「後ろ」にも飛べる鳥は？,ハチドリ,世界最小の鳥の仲間である「ハチドリ」は、1秒間に数十回という高速で羽ばたきながら、空中の一点にとどまるホバリングができるだけでなく、鳥類で唯一、そのまま「後ろ向き」や「上下逆さま」に飛行する高度なテクニックを持っています。,鳥類構造学「ハチドリの飛行メカニズム」,,,,unverified,pending,LEGACY_SOURCE_NOTE_ONLY
q_history_010,card_history_010,history,古代ローマのコロッセオ（円形闘技場）に水を張って行われた見せ物は？,模擬海戦（もぎかいせん）,古代ローマのコロッセオでは、競技場全体に配水管を使って水を張り、本物の軍船を浮かべて戦わせる「模擬海戦」という大規模なショーが行われていました。剣闘士たちが船に乗り込み、当時の有名な海上戦を観客の前で再現する超過激なエンターテインメントでした。,ローマ帝国史「コロッセオの構造と祝祭」,,,,unverified,pending,LEGACY_SOURCE_NOTE_ONLY
q_nature_geography_014,card_nature_geography_014,nature_geography,日本で霧ともやを分ける気象上の目安は何？,視程,気象庁では、霧は微小な水滴で視程が1km未満の状態、もやは視程が1km以上10km未満の状態として区別している。,氷、霜、霧、雷、日照時間,気象庁,https://www.jma.go.jp/jma/kishou/know/yougo_hp/kori.html,2026-07-12,primary,approved,
q_nature_geography_015,card_nature_geography_015,nature_geography,津波が生まれる主なきっかけとして多いのは？,海底近くの大地震,津波は海水全体が急に動かされることで起こる。多くは海底や海の近くで起きる大地震により、海底が変形することで発生する。,NOAA・津波発生の解説,,,,unverified,pending,LEGACY_SOURCE_NOTE_ONLY
q_nature_geography_016,card_nature_geography_016,nature_geography,皆既月食の月が赤っぽく見える主な理由は？,地球の大気を通った光が届く,皆既月食では、地球の大気を通った太陽光が曲げられて月に届く。大気中で青い光が散乱され、赤い光が目立つ。,The Moon & Eclipses,NASA,https://science.nasa.gov/moon/eclipses/,2026-07-12,primary,approved,
q_living_things_014,card_living_things_014,living_things,コウモリが暗闇で虫を探す主な方法は？,超音波の反響を使う,多くのコウモリは、人間には聞こえにくい高い音を出し、物体に当たって返る反響を聞いて位置や距離を知る。,Echolocation,U.S. National Park Service,https://www.nps.gov/subjects/bats/echolocation.htm,2026-07-12,primary,approved,
q_living_things_015,card_living_things_015,living_things,ラクダのこぶに主に蓄えられているものは？,脂肪,ラクダのこぶは水袋ではなく、主に脂肪を蓄える場所。食べ物が少ない時、その脂肪をエネルギーとして利用する。,米国議会図書館・ラクダ解説,,,,unverified,pending,LEGACY_SOURCE_NOTE_ONLY
q_living_things_016,card_living_things_016,living_things,ホタルが光る生物発光で主に働く酵素は何？,ルシフェラーゼ,ホタルの光は、発光物質ルシフェリンがルシフェラーゼという酵素の働きで反応し、光を出す仕組みによる。,JST・ホタル発光研究発表,,,,unverified,pending,LEGACY_SOURCE_NOTE_ONLY
q_living_things_017,card_living_things_017,living_things,サンゴの白化で体内から失われやすいものは？,共生藻,水温が高すぎるなどのストレスで、サンゴは体内に共生する藻類を放出することがある。これにより白く見える。,What is coral bleaching?,National Oceanic and Atmospheric Administration (NOAA),https://oceanservice.noaa.gov/facts/coral_bleach.html,2026-07-12,primary,approved,
q_living_things_018,card_living_things_018,living_things,タツノオトシゴで妊娠し子を産むのはどちら？,オス,タツノオトシゴや近縁のシードラゴンでは、オスが育児嚢で卵を受け取り、妊娠して子を産む珍しい繁殖を行う。,How do seahorses differ from all other animals?,National Oceanic and Atmospheric Administration (NOAA),https://oceanservice.noaa.gov/facts/seahorse.html,2026-07-12,primary,approved,
q_history_011,card_history_011,history,世界初の粘着式郵便切手として有名なのは？,ペニー・ブラック,1840年にイギリスで発行されたペニー・ブラックは、世界初の粘着式郵便切手として知られる。ビクトリア女王の横顔が描かれた。,英国郵便博物館・ペニー黒切手,,,,unverified,pending,LEGACY_SOURCE_NOTE_ONLY
q_history_012,card_history_012,history,富岡製糸場が操業を始めた年として正しいのは？,1872年,富岡製糸場は1872年に設立された、日本初期の本格的な器械製糸工場。明治の近代化と生糸輸出を支えた。,富岡製糸場を知る,富岡市観光協会,https://www.tomioka-silk.jp/_tomioka-silk-mill/about/,2026-07-12,primary,approved,
q_history_013,card_history_013,history,日本がメートル条約に正式加盟した年は？,1885年,日本は1885年にメートル条約へ正式加盟し、国際的な計量の枠組みに加わった。のちの度量衡整備にもつながる。,Member State: Japan,International Bureau of Weights and Measures (BIPM),https://www.bipm.org/en/countries/jp,2026-07-12,primary,approved,
q_science_009,card_science_009,science,GPS衛星の位置測定で重要な装置はどれ？,原子時計,GPSは衛星から届く信号の時刻差を使って位置を求める。衛星には非常に精密な原子時計が搭載されている。,NASA・原子時計とGPS解説,,,,unverified,pending,LEGACY_SOURCE_NOTE_ONLY
q_science_010,card_science_010,science,飛行機の翼が揚力を生む要因に含まれるのは？,翼の上下の圧力差,翼まわりの空気の流れによって圧力差が生まれ、それが揚力に関係する。迎え角や空気の向きの変化も重要な要素である。,NASAグレン研究所・揚力解説,,,,unverified,pending,LEGACY_SOURCE_NOTE_ONLY
q_science_011,card_science_011,science,石けんが油汚れを落としやすい主な理由は？,水と油になじむ部分を持つ,石けん分子には水になじむ部分と油になじむ部分がある。油汚れを包み込み、水で洗い流しやすくする。,イェール医学部・石けんの仕組み,,,,unverified,pending,LEGACY_SOURCE_NOTE_ONLY
q_food_012,card_food_012,food,食品の消費期限に最も近い意味はどれ？,安全に食べられる期限,消費期限は安全に食べられる期限の目安。賞味期限はおいしく食べられる期限なので、意味が異なる。,期限表示とは,消費者庁,https://www.caa.go.jp/policies/policy/food_labeling/food_sanitation/expiration_date/assets/food_labeling_cms204_250331_01.pdf,2026-07-12,primary,approved,消費者庁資料で、消費期限は安全性を欠くおそれがないと認められる期限で傷みやすい食品に表示され、賞味期限は期待される品質を十分に保持できる期限で日持ちする食品に表示されることを確認。
q_food_013,card_food_013,food,ジャガイモの芽に多い天然毒素はどれ？,ソラニンやチャコニン,ジャガイモの芽や緑色になった部分には、ソラニンやチャコニンが多く含まれる。食中毒予防には十分に取り除くことが大切。,じゃがいもに含まれる天然毒素「ソラニン」や「チャコニン」に関するQ&A,農林水産省,https://www.maff.go.jp/j/syouan/seisaku/solanine/potato_alkaloid_QA.html,2026-07-12,primary,approved,
q_language_010,card_language_010,language,日本語の『パン』の語源として有力なのは？,ポルトガル語のpão,日本語のパンは、戦国期以降に伝わったポルトガル語pãoに由来するとされる。古くから日本語に定着した外来語の一つ。,国立国語研究所・外来語資料,,,,unverified,pending,LEGACY_SOURCE_NOTE_ONLY
q_daily_life_009,card_daily_life_009,daily_life,3Rで最初に取り組むとされるRはどれ？,Reduce,3RはReduce、Reuse、Recycleの順番で取り組むことが求められる。まずはごみや資源消費を発生段階で減らす考え方。,The 3R Initiative,"Ministry of the Environment, Japan",https://www.env.go.jp/recycle/3r/en/outline.html,2026-07-12,primary,approved,
q_daily_life_010,card_daily_life_010,daily_life,日本の火災通報番号が119番になった理由は？,112番の誤接続が多かったため,日本の火災通報は当初112番だったが、かけ間違いが多く、1927年から119番に変更されたとされる。,日本大百科全書・緊急通報番号,,,,unverified,pending,LEGACY_SOURCE_NOTE_ONLY
