question_id,question_text,correct_answer,source_name,publisher,url,https,status,primary_source,answer_choices,explanation,card_title,card_text,review_result,review_notes
q_geo_001,世界最深の湖はどこ？,バイカル湖,UNESCO世界遺産センター,UNESCO,https://whc.unesco.org/en/list/754,HTTPS,pending,Yes,"A:バイカル湖,B:カスピ海,C:ティティカカ湖,D:ベリアル湖",バイカル湖は世界最深の湖で、最大深度は約1,642mです。,バイカル湖,ロシア・シベリアにある世界最深の湖。,pending,"深度1,642mの出典を単一一次資料で確認できず"
q_geo_002,世界最大の砂漠はどこ？,サハラ砂漠,大英百科事典,Encyclopaedia Britannica,https://www.britannica.com/place/Sahara,HTTPS,pending,Yes,"A:サハラ砂漠,B:アラビア砂漠,C:ゴビ砂漠,D:カラクルム砂漠",サハラ砂漠はアフリカ北部に広がる世界最大の砂漠です。,サハラ砂漠,世界最大の熱帯砂漠。,pending,"面積の出典を確認"
q_bio_001,カンガルーの新生児は？, joey,オーストラリア博物館,Australian Museum,https://australian.museum/learn/animals/mammals/kangaroo/,HTTPS,pending,Yes,"A:joey,B:kit,C:cub,D:fawn",カンガルーの新生児は「joey」と呼ばれ、出生時約2cmです。,カンガ鹋の子育て,カンガルーの新生児は非常に小さく、母親の育児嚢で成長します。,pending,"出生時約2cmの出典を確認"
q_his_001,世界一短い手紙は？,俳句,Wikipedia,https://ja.wikipedia.org/wiki/俳句,HTTPS,correction_required,No,"A:俳句,B:短歌,C:川柳,D:狂歌",俳句は五七五の17音で構成される日本最古の定型詩です。,俳句,五七五の十七音で作られる日本の短い詩形。,correction_required,"問題文は「手紙」だが解説は「俳句」。設問と解説が不一致"
q_his_002,日本初の鉄道は？,新橋-横浜間,鉄道博物館,https://www.railway-museum.jp/,HTTPS,pending,Yes,"A:新橋-横浜間,B:京都-大阪間,C:東京-横浜間,D:神戸-大阪間",1872年に新橋と横浜の間で日本初の鉄道が開業しました。,日本初の鉄道,1872年に新橋と横浜間で開業した日本初の鉄道。,pending,"開業年の出典を確認"
q_sci_001,大気の約何%が窒素？,約78%,NASA,https://science.nasa.gov/,HTTPS,pending,Yes,"A:約78%,B:約70%,C:約60%,D:約90%",大気の約78%が窒素、約21%が酸素です。,大気の組成,地球の大気は主に窒素と酸素で構成されています。,pending,"アルゴン・二酸化炭素の出典を確認"
q_sci_002,光は1秒で地球を何周？,約7.5周,NIST/NASA,https://physics.nist.gov/,HTTPS,approved候補,Yes,"A:約7.5周,B:約5周,C:約10周,D:約3周",光速は約299,792,458m/sで、地球赤道周長約40,075kmから約7.48周します。,光の速さ,光は1秒間に約7.5周分の距離を移動します。,approved候補,"NIST光速299,792,458m/s、NASA地球赤道直径12,756kmから計算"
q_food_001,世界で最も消費量が多い调味料は？,食塩,WHO,https://www.who.int/,HTTPS,pending,Yes,"A:食塩,B:砂糖,C:コショウ,D:醤油",食塩は世界で最も広く使用されている調味料です。,食塩,世界中で最も消費量が多い調味料。,pending,"消費量の出典を確認"
q_lang_001,日本語で最も多い文字は？,ひらがな,文化庁,https://www.bunka.go.jp/,HTTPS,pending,Yes,"A:ひらがな,B:カタカナ,C:漢字,D:ローマ字",日本語の文章で最も多く使われるのはひらがなです。,日本語の文字,日本語はひらがな、カタカナ、漢字で構成されています。,pending,"文字使用頻度の出典を確認"
q_lang_002,「刹那」の語源は？,サンスクリット語kṣaṇa,出典なし,,HTTPS,correction_required,No,"A:サンスクリット語,B:中国語,C:日本語,D:ラテン語",刹那はサンスクリット語のkṣaṇaに由来し、「一瞬」を意味します。,刹那の語源,「一瞬」を意味する言葉。,correction_required,"「一瞬」と「刹那」の説明が混同。出典URLなし"
q_life_001,交通信号の赤はなぜ赤？,波長が長く遠くまで届くため,https://ja.wikipedia.org/wiki/信号機,HTTPS,pending,Yes,"A:波長が長く遠くまで届くため,B:目に優しいから,C:歴史的偶然,D:心理効果",赤色は波長が長く、霧や雨でも遠くまで届くため交通信号に使われます。,交通信号の色,交通信号の色にはそれぞれ意味があります。,pending,"赤・黄・緑すべての説明を確認"
q_life_002,交通信号の3色はなぜ赤・黄・緑？,波長の違い,出典なし,,HTTPS,correction_required,No,"A:波長の違い,B:心理効果,C:歴史的慣習,D:国際規約",赤・黄・緑は波長が長く遠くまで届くため選ばれました。,交通信号の色の理由,色の選択には科学的理由があります。,correction_required,"3色すべてを「波長が長く」で説明するのは過度な単純化"
q_geo_003,世界最長の川は？,ナイル川,大英百科事典,Encyclopaedia Britannica,https://www.britannica.com/place/Nile-River,HTTPS,pending,Yes,"A:ナイル川,B:アマゾン川,C:長江,D:ミシシッピ川",ナイル川は約6,650kmで世界最長の川です。,ナイル川,アフリカを流れる世界最長の川。,pending,"長さの出典を確認"
q_bio_003,蝶はなぜ羽に模様がある？,天敵からの保護,https://www.britannica.com/animal/butterfly-insect,HTTPS,pending,Yes,"A:天敵からの保護,B:体温調節,C:仲間の識別,D:飛行効率",蝶の羽の模様は天敵から身を守るための保護色として機能します。,蝶の羽,蝶の羽には美しい模様があります。,pending,"保護色の出典を確認"
q_his_003,日本初の肖像入り紙幣は？,1885年発行の日本銀行券,日本銀行,https://www.boj.or.jp/,HTTPS,correction_required,No,"A:1885年発行の日本銀行券,B:1871年発行の円,C:1900年発行の金券,D:1880年発行の銀券",1885年に発行された日本銀行券が日本初の肖像入り紙幣です。,紙幣の歴史,日本の紙幣には歴史上の人物の肖像が描かれています。,correction_required,"神功皇后を描いた改造紙幣は1881年発行。1885年は不正確"
q_sci_003,絶対零度は？,-273.15℃,https://ja.wikipedia.org/wiki/絶対零度,HTTPS,correction_required,No,"A:-273.15℃,B:-273℃,C:-459.67℉,D:-100℃",絶対零度は約-273.15℃で、原子の動きが停止する温度です。,絶対零度,物質の分子運動が停止するとされる温度。,correction_required,"「原子の動きが停止する」は零点運動を無視。修正が必要"
q_food_003,コーヒーの発祥地は？,エチオピア,https://en.wikipedia.org/wiki/History_of_coffee,HTTPS,pending,Yes,"A:エチオピア,B:ブラジル,C:コロンビア,D:インド",コーヒーはエチオピアが発祥地とされています。,コーヒーの歴史,コーヒーはエチオピアで発見されました。,pending,"発祥地の出典を確認"
q_lang_003,日本語の敬語はなぜ複雑？,歴史的背景,https://www.bunka.go.jp/,HTTPS,pending,Yes,"A:歴史的背景,B:宗教的影響,C:地理的要因,D:外国語の影響",日本語の敬語は歴史的背景により複雑になっています。,敬語の歴史,敬語は日本の文化と深く結びついています。,pending,"歴史的背景の出典を確認"
q_life_003,消しゴムはなぜ黒くなる？,黒鉛を取り込むため,https://en.wikipedia.org/wiki/Eraser,HTTPS,correction_required,No,"A:黒鉛を取り込むため,B:摩擦熱で焦げる,C:化学反応で変色,D:紙の表面ごと削り取る",消しゴムは紙の上の黒鉛を取り込むことで字を消します。,消しゴムの仕組み,消しゴムは摩擦によって黒鉛を紙から取り除きます。,correction_required,"「紙の表面ごと削り取る」は消字の主機構として不正確"
